date, pm25, co
2024/12/1, 100, 
2024/11/2, 149, 59
2024/11/3, 155, 48
2024/11/4, 111, 44
2024/11/5, 102, 39
2024/11/6, 87, 39
2024/11/7, 109, 50
2024/11/8, 127, 38
2024/11/9, 68, 44
2024/11/10, 116, 43
2024/11/11, 128, 42
2024/11/12, 125, 38
2024/11/13, 108, 31
2024/11/14, 73, 38
2024/11/15, 123, 44
2024/11/16, 140, 50
2024/11/17, 162, 28
2024/11/18, 140, 32
2024/11/19, 161, 34
2024/11/20, 152, 33
2024/11/21, 146, 30
2024/11/22, 150, 35
2024/11/23, 112, 36
2024/11/24, 102, 44
2024/11/25, 158, 40
2024/11/26, 136, 48
2024/11/27, 106, 40
2024/11/28, 73, 39
2024/11/29, 66, 51
2024/11/30, 100, 56
2024/10/1, 84, 39
2024/10/2, 116, 34
2024/10/3, 124, 45
2024/10/4, 134, 
2024/10/6, 81, 50
2024/10/7, 94, 52
2024/10/8, 93, 40
2024/10/9, 132, 33
2024/10/10, 136, 30
2024/10/11, 131, 34
2024/10/12, 125, 27
2024/10/13, 143, 
2024/10/15, 153, 25
2024/10/16, 145, 28
2024/10/17, 124, 28
2024/10/18, 109, 27
2024/10/19, 89, 28
2024/10/20, 102, 46
2024/10/21, 138, 38
2024/10/22, 81, 42
2024/10/23, 97, 29
2024/10/24, 83, 41
2024/10/25, 80, 37
2024/10/26, 76, 38
2024/10/27, 67, 44
2024/10/28, 93, 44
2024/10/29, 57, 40
2024/10/30, 61, 
2024/7/2, 91, 29
2024/7/3, 113, 39
2024/7/4, 112, 38
2024/7/5, 132, 33
2024/7/6, 110, 26
2024/7/7, 88, 27
2024/7/8, 72, 48
2024/7/9, 69, 50
2024/7/10, 78, 54
2024/7/11, 89, 56
2024/7/12, 91, 55
2024/7/13, 89, 51
2024/7/14, 71, 54
2024/7/15, 72, 56
2024/7/16, 71, 48
2024/7/17, 73, 45
2024/7/18, 86, 44
2024/7/19, 85, 49
2024/7/20, 82, 
2024/7/23, 89, 46
2024/7/24, 83, 
2024/9/4, 90, 36
2024/9/5, 88, 38
2024/9/6, 85, 37
2024/9/7, 138, 38
2024/9/8, 102, 39
2024/9/9, 90, 37
2024/9/10, 80, 32
2024/9/11, 70, 31
2024/9/12, 80, 33
2024/9/13, 80, 39
2024/9/14, 105, 38
2024/9/15, 90, 35
2024/9/16, 61, 37
2024/9/17, 57, 38
2024/9/18, 68, 43
2024/9/19, 90, 46
2024/9/20, 74, 39
2024/9/21, 94, 40
2024/9/22, 101, 34
2024/9/23, 89, 30
2024/9/24, 85, 42
2024/9/25, 102, 38
2024/9/26, 113, 35
2024/9/27, 73, 32
2024/9/28, 57, 38
2024/9/29, 73, 38
2024/9/30, 70, 37
2024/4/1, 63, 18
2024/4/2, 66, 18
2024/4/3, 60, 17
2024/4/4, 65, 13
2024/4/5, 87, 9
2024/4/6, 98, 7
2024/4/7, 83, 
2024/4/8, 88, 
2024/4/9, 95, 
2024/4/10, 77, 
2024/4/11, 77, 
2024/4/12, 40, 
2024/4/13, 55, 
2024/4/14, 84, 
2024/4/15, 72, 
2024/4/16, 53, 
2024/4/17, 63, 
2024/4/18, 76, 37
2024/4/19, 85, 29
2024/4/20, 90, 35
2024/4/21, 102, 29
2024/4/22, 97, 41
2024/4/23, 86, 50
2024/4/24, 79, 31
2024/4/25, 69, 31
2024/4/26, 85, 27
2024/4/27, 65, 
2024/4/28, 55, 
2024/4/29, 61, 
2024/4/30, 64, 
2024/5/1, 57, 
2024/5/2, 67, 
2024/5/3, 68, 
2024/5/4, 62, 
2024/5/5, 61, 
2024/5/6, 92, 
2024/5/7, 73, 
2024/5/8, 65, 
2024/5/9, 70, 
2024/5/10, 58, 
2024/5/11, 56, 
2024/5/12, 56, 
2024/5/13, 71, 
2024/5/14, 72, 
2024/5/15, 72, 
2024/5/16, 91, 
2024/5/17, 70, 
2024/5/18, 74, 
2024/5/19, 62, 
2024/5/20, 52, 
2024/5/21, 74, 27
2024/5/22, 79, 33
2024/5/23, 85, 40
2024/5/24, 74, 29
2024/5/25, 64, 32
2024/5/26, 63, 33
2024/5/27, 68, 37
2024/5/28, 89, 53
2024/5/29, 121, 34
2024/5/30, 94, 37
2024/5/31, 85, 49
2024/6/1, 81, 42
2024/6/2, 88, 34
2024/6/3, 95, 38
2024/6/4, 89, 38
2024/6/5, 91, 33
2024/6/6, 74, 30
2024/6/7, 64, 35
2024/6/8, 61, 28
2024/6/9, 57, 41
2024/6/10, 70, 44
2024/6/11, 132, 
2024/6/24, 92, 
2024/1/1, 138, 33
2024/1/2, 133, 34
2024/1/3, 126, 35
2024/1/4, 113, 
2024/1/6, 97, 34
2024/1/7, 86, 32
2024/1/8, 95, 33
2024/1/9, 124, 41
2024/1/10, 114, 
2024/1/17, 93, 30
2024/1/18, 85, 29
2024/1/19, 96, 34
2024/1/20, 146, 34
2024/1/21, 131, 36
2024/1/22, 117, 35
2024/1/23, 122, 27
2024/1/24, 118, 20
2024/1/25, 98, 8
2024/1/26, 119, 5
2024/1/27, 115, 25
2024/1/28, 96, 26
2024/1/29, 65, 
2024/1/31, 72, 
2024/2/2, 64, 30
2024/2/3, 69, 31
2024/2/4, 83, 
2024/2/6, 91, 23
2024/2/7, 63, 21
2024/2/8, 70, 
2024/2/10, 107, 25
2024/2/11, 120, 30
2024/2/12, 151, 28
2024/2/13, 151, 24
2024/2/14, 155, 20
2024/2/15, 119, 21
2024/2/16, 99, 
2024/3/1, 94, 14
2024/3/2, 91, 14
2024/3/3, 88, 12
2024/3/4, 107, 10
2024/3/5, 101, 10
2024/3/6, 106, 12
2024/3/7, 127, 8
2024/3/8, 98, 
2024/3/9, 116, 16
2024/3/10, 95, 
2024/3/12, 95, 14
2024/3/13, 112, 15
2024/3/14, 88, 25
2024/3/15, 73, 27
2024/3/16, 83, 28
2024/3/17, 113, 29
2024/3/18, 97, 23
2024/3/19, 86, 25
2024/3/20, 76, 26
2024/3/21, 51, 25
2024/3/22, 54, 21
2024/3/23, 58, 19
2024/3/24, 63, 14
2024/3/25, 64, 19
2024/3/26, 60, 17
2024/3/27, 73, 15
2024/3/28, 60, 16
2024/3/29, 69, 18
2024/3/30, 67, 16
2024/3/31, 58, 14
2023/10/1, 52, 31
2023/10/2, 172, 35
2023/10/3, 158, 31
2023/10/4, 112, 30
2023/10/5, 110, 29
2023/10/6, 131, 35
2023/10/7, 82, 31
2023/10/8, 89, 32
2023/10/9, 72, 29
2023/10/10, 120, 32
2023/10/11, 136, 36
2023/10/12, 103, 31
2023/10/13, 77, 28
2023/10/14, 66, 26
2023/10/15, 94, 25
2023/10/16, 102, 32
2023/10/17, 77, 27
2023/10/18, 90, 28
2023/10/19, 63, 32
2023/10/20, 88, 29
2023/10/21, 81, 27
2023/10/22, 81, 29
2023/10/23, 99, 29
2023/10/24, 71, 27
2023/10/25, 101, 25
2023/10/26, 114, 25
2023/10/27, 107, 26
2023/10/28, 100, 
2023/10/31, 122, 13
2023/11/1, 98, 6
2023/11/2, 120, 10
2023/11/3, 140, 14
2023/11/4, 128, 13
2023/11/5, 150, 15
2023/11/6, 153, 16
2023/11/7, 120, 9
2023/11/8, 107, 6
2023/11/9, 80, 11
2023/11/10, 97, 13
2023/11/11, 111, 15
2023/11/12, 87, 21
2023/11/13, 117, 25
2023/11/14, 149, 25
2023/11/15, 149, 27
2023/11/16, 155, 32
2023/11/17, 128, 23
2023/11/18, 88, 21
2023/11/19, 89, 18
2023/11/20, 66, 16
2023/11/21, 86, 21
2023/11/22, 64, 25
2023/11/23, 73, 26
2023/11/24, 99, 25
2023/11/25, 135, 25
2023/11/26, 155, 21
2023/11/27, 157, 18
2023/11/28, 131, 11
2023/11/29, 93, 16
2023/11/30, 76, 20
2023/12/1, 130, 22
2023/12/2, 138, 27
2023/12/3, 160, 24
2023/12/4, 167, 26
2023/12/5, 166, 23
2023/12/6, 157, 20
2023/12/7, 166, 24
2023/12/8, 154, 23
2023/12/9, 125, 16
2023/12/10, 125, 22
2023/12/11, 119, 24
2023/12/12, 95, 25
2023/12/13, 89, 25
2023/12/14, 97, 
2023/12/16, 120, 34
2023/12/17, 139, 34
2023/12/18, 157, 33
2023/12/19, 153, 18
2023/12/20, 113, 16
2023/12/21, 120, 18
2023/12/22, 139, 14
2023/12/23, 149, 9
2023/12/24, 137, 8
2023/12/25, 84, 18
2023/12/26, 69, 22
2023/12/27, 75, 23
2023/12/28, 96, 30
2023/12/29, 116, 27
2023/12/30, 92, 31
2023/12/31, 119, 31
2023/7/1, 98, 34
2023/7/2, 100, 38
2023/7/3, 92, 33
2023/7/4, 100, 28
2023/7/5, 73, 28
2023/7/6, 77, 26
2023/7/7, 66, 23
2023/7/8, 54, 21
2023/7/9, 44, 21
2023/7/10, 41, 29
2023/7/11, 81, 28
2023/7/12, 108, 22
2023/7/13, 101, 22
2023/7/14, 96, 20
2023/7/15, 94, 18
2023/7/16, 96, 22
2023/7/17, 121, 19
2023/7/18, 119, 19
2023/7/19, 110, 18
2023/7/20, 154, 17
2023/7/21, 145, 13
2023/7/22, 114, 
2023/7/23, 77, 
2023/7/24, 69, 
2023/7/25, 69, 
2023/7/27, 92, 5
2023/7/28, 90, 10
2023/7/29, 93, 
2023/7/30, 74, 
2023/7/31, 66, 
2023/8/1, 64, 
2023/8/2, 58, 
2023/8/3, 64, 
2023/8/4, 64, 
2023/8/5, 62, 
2023/8/6, 68, 25
2023/8/7, 66, 
2023/8/8, 87, 
2023/8/9, 73, 
2023/8/30, 86, 23
2023/8/31, 79, 24
2023/9/1, 63, 22
2023/9/2, 70, 20
2023/9/3, 63, 
2023/9/18, 56, 30
2023/9/19, 67, 28
2023/9/20, 70, 31
2023/9/21, 63, 33
2023/9/22, 57, 27
2023/9/23, 57, 24
2023/9/24, 54, 
2023/9/30, 47, 32
2023/4/1, 53, 17
2023/4/2, 55, 17
2023/4/3, 69, 17
2023/4/4, 66, 18
2023/4/5, 67, 19
2023/4/6, 79, 20
2023/4/7, 90, 24
2023/4/8, 80, 22
2023/4/9, 103, 19
2023/4/10, 120, 18
2023/4/11, 95, 16
2023/4/12, 90, 15
2023/4/13, 76, 16
2023/4/14, 67, 15
2023/4/15, 58, 18
2023/4/16, 73, 19
2023/4/17, 74, 19
2023/4/18, 68, 30
2023/4/19, 71, 18
2023/4/20, 81, 8
2023/4/21, 75, 5
2023/4/22, 79, 5
2023/4/23, 85, 6
2023/4/24, 71, 4
2023/4/25, 72, 4
2023/4/26, 69, 12
2023/4/27, 107, 5
2023/4/28, 69, 3
2023/4/29, 50, 4
2023/4/30, 51, 5
2023/5/1, 68, 
2023/5/2, 71, 
2023/5/3, 62, 
2023/5/4, 56, 
2023/5/5, 55, 
2023/5/6, 69, 
2023/5/7, 67, 
2023/5/8, 68, 27
2023/5/9, 84, 28
2023/5/10, 101, 26
2023/5/11, 82, 31
2023/5/12, 93, 25
2023/5/13, 73, 23
2023/5/14, 85, 18
2023/5/15, 131, 18
2023/5/16, 80, 20
2023/5/17, 63, 28
2023/5/18, 92, 26
2023/5/19, 76, 23
2023/5/20, 87, 19
2023/5/21, 83, 20
2023/5/22, 87, 25
2023/5/23, 94, 23
2023/5/24, 90, 18
2023/5/25, 85, 17
2023/5/26, 85, 14
2023/5/27, 73, 14
2023/5/28, 84, 18
2023/5/29, 113, 
2023/6/11, 78, 25
2023/6/12, 96, 
2023/6/17, 75, 20
2023/6/18, 96, 14
2023/6/19, 106, 9
2023/6/20, 126, 15
2023/6/21, 120, 11
2023/6/22, 93, 
2023/6/23, 86, 
2023/6/24, 85, 
2023/6/25, 102, 
2023/6/26, 93, 
2023/6/27, 86, 
2023/6/28, 78, 23
2023/6/29, 91, 23
2023/6/30, 92, 23
2023/1/2, 180, 39
2023/1/3, 166, 38
2023/1/4, 168, 33
2023/1/5, 155, 33
2023/1/6, 157, 41
2023/1/7, 158, 38
2023/1/8, 124, 
2023/1/10, 102, 30
2023/1/11, 84, 31
2023/1/12, 55, 32
2023/1/13, 41, 32
2023/1/14, 46, 32
2023/1/15, 58, 39
2023/1/16, 127, 41
2023/1/17, 163, 48
2023/1/18, 167, 44
2023/1/19, 155, 50
2023/1/20, 158, 48
2023/1/21, 156, 46
2023/1/22, 155, 48
2023/1/23, 154, 47
2023/1/24, 148, 43
2023/1/25, 149, 44
2023/1/26, 149, 38
2023/1/27, 109, 
2023/1/29, 133, 32
2023/1/30, 123, 32
2023/1/31, 128, 32
2023/2/1, 80, 34
2023/2/2, 85, 31
2023/2/3, 82, 32
2023/2/4, 72, 32
2023/2/5, 81, 28
2023/2/6, 87, 19
2023/2/7, 62, 17
2023/2/8, 76, 19
2023/2/9, 92, 20
2023/2/10, 80, 19
2023/2/11, 67, 20
2023/2/12, 35, 28
2023/2/13, 71, 32
2023/2/14, 151, 32
2023/2/15, 161, 31
2023/2/16, 138, 28
2023/2/17, 108, 
2023/2/22, 71, 23
2023/2/23, 94, 27
2023/2/24, 108, 
2023/2/25, 92, 
2023/2/26, 82, 
2023/2/27, 115, 
2023/2/28, 124, 
2023/3/1, 133, 
2023/3/2, 144, 
2023/3/3, 134, 
2023/3/4, 109, 
2023/3/5, 116, 27
2023/3/6, 145, 23
2023/3/7, 101, 19
2023/3/8, 95, 19
2023/3/9, 93, 17
2023/3/10, 94, 17
2023/3/11, 91, 20
2023/3/12, 109, 19
2023/3/13, 113, 18
2023/3/14, 84, 18
2023/3/15, 84, 15
2023/3/16, 63, 15
2023/3/17, 69, 14
2023/3/18, 56, 14
2023/3/19, 74, 15
2023/3/20, 72, 14
2023/3/21, 58, 12
2023/3/22, 56, 16
2023/3/23, 53, 23
2023/3/24, 87, 24
2023/3/25, 120, 23
2023/3/26, 95, 23
2023/3/27, 62, 21
2023/3/28, 57, 21
2023/3/29, 58, 21
2023/3/30, 73, 19
2023/3/31, 61, 17
2022/12/15, 159, 
2022/12/16, 162, 
2022/12/17, 168, 
2022/12/18, 154, 8
2022/12/19, 156, 8
2022/12/20, 158, 8
2022/12/21, 142, 12
2022/12/22, 74, 28
2022/12/23, 81, 24
2022/12/24, 54, 31
2022/12/25, 80, 41
2022/12/26, 151, 40
2022/12/27, 160, 
2022/12/30, 158, 38
2022/12/31, 159, 38
2023/1/1, 164, 41
2022/7/1, 152, 18
2022/7/2, 134, 17
2022/7/3, 160, 14
2022/7/4, 168, 14
2022/7/5, 132, 16
2022/7/6, 132, 17
2022/7/7, 245, 16
2022/7/8, 245, 14
2022/7/9, 245, 17
2022/7/10, 184, 17
2022/7/11, 105, 14
2022/7/12, 80, 15
2022/7/13, 74, 18
2022/7/14, 68, 17
2022/7/15, 70, 17
2022/7/16, 80, 15
2022/7/17, 86, 7
2022/7/18, 75, 
2022/7/21, 91, 14
2022/7/22, 88, 16
2022/7/23, 129, 17
2022/7/24, 149, 18
2022/7/25, 152, 16
2022/7/26, 121, 20
2022/7/27, 139, 17
2022/7/28, 157, 16
2022/7/29, 139, 16
2022/7/30, 74, 15
2022/7/31, 52, 14
2022/8/1, 63, 12
2022/8/2, 70, 12
2022/8/3, 68, 10
2022/8/4, 58, 11
2022/8/5, 73, 13
2022/8/6, 70, 10
2022/8/7, 58, 6
2022/8/8, 58, 8
2022/8/9, 106, 8
2022/8/10, 102, 9
2022/8/11, 73, 5
2022/8/12, 56, 3
2022/8/13, 40, 9
2022/8/14, 73, 
2022/8/15, 67, 30
2022/8/16, 67, 40
2022/8/17, 71, 31
2022/8/18, 61, 11
2022/8/19, 72, 9
2022/8/20, 75, 10
2022/8/21, 82, 10
2022/8/22, 82, 8
2022/8/23, 68, 9
2022/8/24, 77, 10
2022/8/25, 68, 12
2022/8/26, 60, 14
2022/8/27, 69, 14
2022/8/28, 76, 
2022/8/31, 84, 27
2022/9/1, 81, 27
2022/9/2, 80, 31
2022/9/3, 96, 33
2022/9/4, 108, 31
2022/9/5, 115, 23
2022/9/6, 85, 19
2022/9/7, 63, 
2022/4/1, 106, 17
2022/4/2, 106, 17
2022/4/3, 115, 20
2022/4/4, 111, 16
2022/4/5, 106, 19
2022/4/6, 103, 15
2022/4/7, 102, 18
2022/4/8, 233, 21
2022/4/9, 188, 10
2022/4/10, 132, 16
2022/4/11, 107, 20
2022/4/12, 139, 15
2022/4/13, 144, 26
2022/4/14, 132, 24
2022/4/15, 125, 11
2022/4/16, 91, 13
2022/4/17, 74, 17
2022/4/18, 65, 24
2022/4/19, 72, 15
2022/4/20, 83, 14
2022/4/21, 131, 19
2022/4/22, 107, 18
2022/4/23, 89, 20
2022/4/24, 93, 17
2022/4/25, 93, 20
2022/4/26, 154, 23
2022/4/27, 108, 24
2022/4/28, 105, 21
2022/4/29, 108, 18
2022/4/30, 84, 22
2022/5/1, 70, 18
2022/5/2, 83, 17
2022/5/3, 92, 15
2022/5/4, 81, 17
2022/5/5, 83, 18
2022/5/6, 90, 15
2022/5/7, 138, 15
2022/5/8, 162, 15
2022/5/9, 121, 17
2022/5/10, 76, 16
2022/5/11, 93, 19
2022/5/12, 114, 19
2022/5/13, 83, 19
2022/5/14, 69, 17
2022/5/15, 75, 18
2022/5/16, 89, 13
2022/5/17, 159, 15
2022/5/18, 155, 16
2022/5/19, 152, 13
2022/5/20, 92, 14
2022/5/21, 127, 12
2022/5/22, 134, 16
2022/5/23, 93, 17
2022/5/24, 142, 13
2022/5/25, 239, 11
2022/5/26, 157, 12
2022/5/27, 84, 14
2022/5/28, 105, 13
2022/5/29, 169, 27
2022/5/30, 86, 29
2022/5/31, 82, 17
2022/6/1, 70, 17
2022/6/2, 60, 17
2022/6/3, 64, 19
2022/6/4, 73, 17
2022/6/5, 69, 15
2022/6/6, 82, 
2022/6/7, 100, 14
2022/6/8, 126, 
2022/6/10, 91, 27
2022/6/11, 92, 29
2022/6/12, 115, 27
2022/6/13, 88, 28
2022/6/14, 109, 26
2022/6/15, 119, 26
2022/6/16, 117, 28
2022/6/17, 125, 
2022/6/20, 112, 16
2022/6/21, 74, 18
2022/6/22, 60, 14
2022/6/23, 110, 22
2022/6/24, 162, 18
2022/6/25, 152, 15
2022/6/26, 107, 17
2022/6/27, 135, 19
2022/6/28, 140, 24
2022/6/29, 153, 21
2022/6/30, 157, 17
2022/1/30, 54, 12
2022/1/31, 94, 17
2022/2/1, 85, 20
2022/2/2, 146, 19
2022/2/3, 149, 17
2022/2/4, 161, 20
2022/2/5, 101, 17
2022/2/6, 54, 18
2022/2/7, 79, 19
2022/2/8, 86, 21
2022/2/9, 98, 17
2022/2/10, 95, 18
2022/2/11, 114, 20
2022/2/12, 113, 20
2022/2/13, 117, 16
2022/2/14, 90, 18
2022/2/15, 65, 15
2022/2/16, 73, 18
2022/2/17, 81, 16
2022/2/18, 93, 21
2022/2/19, 125, 15
2022/2/20, 106, 19
2022/2/21, 77, 18
2022/2/22, 92, 19
2022/2/23, 119, 19
2022/2/24, 87, 13
2022/2/25, 82, 14
2022/2/26, 68, 17
2022/2/27, 68, 16
2022/2/28, 69, 17
2022/3/1, 71, 20
2022/3/2, 111, 16
2022/3/3, 103, 13
2022/3/4, 105, 15
2022/3/5, 96, 17
2022/3/6, 70, 17
2022/3/7, 98, 19
2022/3/8, 108, 19
2022/3/9, 127, 15
2022/3/10, 91, 18
2022/3/11, 87, 17
2022/3/12, 123, 16
2022/3/13, 111, 19
2022/3/14, 137, 17
2022/3/15, 111, 15
2022/3/16, 117, 18
2022/3/17, 53, 18
2022/3/18, 59, 15
2022/3/19, 69, 16
2022/3/20, 57, 19
2022/3/21, 85, 17
2022/3/22, 85, 17
2022/3/23, 55, 14
2022/3/24, 52, 15
2022/3/25, 63, 17
2022/3/26, 63, 15
2022/3/27, 63, 16
2022/3/28, 64, 13
2022/3/29, 63, 16
2022/3/30, 55, 19
2022/3/31, 84, 18
2021/4/1, 61, 16
2021/4/2, 76, 16
2021/4/3, 82, 16
2021/4/4, 55, 20
2021/4/5, 73, 19
2021/4/6, 109, 17
2021/4/7, 127, 14
2021/4/8, 124, 13
2021/4/9, 127, 15
2021/4/10, 117, 18
2021/4/11, 98, 16
2021/4/12, 81, 14
2021/4/13, 88, 
2021/6/9, 96, 15
2021/6/10, 99, 16
2021/6/11, 89, 21
2021/6/12, 114, 18
2021/6/13, 118, 15
2021/6/14, 112, 18
2021/6/15, 100, 17
2021/6/16, 94, 17
2021/6/17, 72, 14
2021/6/18, 63, 13
2021/6/19, 81, 13
2021/6/20, 65, 14
2021/6/21, 64, 15
2021/6/22, 58, 15
2021/6/23, 63, 15
2021/6/24, 59, 18
2021/6/25, 66, 15
2021/6/26, 69, 14
2021/6/27, 58, 15
2021/6/28, 67, 17
2021/6/29, 75, 
2021/1/4, 138, 17
2021/1/5, 103, 21
2021/1/6, 150, 18
2021/1/7, 151, 19
2021/1/8, 157, 19
2021/1/9, 159, 20
2021/1/10, 164, 22
2021/1/11, 173, 20
2021/1/12, 174, 20
2021/1/13, 164, 19
2021/1/14, 157, 19
2021/1/15, 150, 20
2021/1/16, 149, 17
2021/1/17, 122, 21
2021/1/18, 141, 16
2021/1/19, 114, 16
2021/1/20, 88, 17
2021/1/21, 81, 19
2021/1/22, 63, 13
2021/1/23, 56, 17
2021/1/24, 74, 18
2021/1/25, 105, 21
2021/1/26, 144, 19
2021/1/27, 149, 16
2021/1/28, 146, 15
2021/1/29, 130, 16
2021/1/30, 90, 15
2021/1/31, 54, 20
2021/2/1, 63, 19
2021/2/2, 97, 15
2021/2/3, 139, 18
2021/2/4, 142, 19
2021/2/5, 154, 16
2021/2/6, 91, 20
2021/2/7, 141, 19
2021/2/8, 152, 21
2021/2/9, 146, 18
2021/2/10, 125, 17
2021/2/11, 101, 19
2021/2/12, 110, 18
2021/2/13, 116, 20
2021/2/14, 130, 19
2021/2/15, 126, 18
2021/2/16, 137, 15
2021/2/17, 84, 16
2021/2/18, 104, 15
2021/2/19, 76, 18
2021/2/20, 94, 16
2021/2/21, 105, 21
2021/2/22, 107, 16
2021/2/23, 80, 15
2021/2/24, 74, 15
2021/2/25, 78, 
2021/3/7, 67, 18
2021/3/8, 84, 16
2021/3/9, 97, 15
2021/3/10, 79, 17
2021/3/11, 86, 15
2021/3/12, 75, 19
2021/3/13, 43, 16
2021/3/14, 78, 16
2021/3/15, 89, 17
2021/3/16, 113, 17
2021/3/17, 151, 17
2021/3/18, 113, 19
2021/3/19, 110, 16
2021/3/20, 57, 17
2021/3/21, 57, 18
2021/3/22, 73, 20
2021/3/23, 100, 17
2021/3/24, 112, 16
2021/3/25, 138, 16
2021/3/26, 134, 16
2021/3/27, 146, 16
2021/3/28, 58, 14
2021/3/29, 50, 17
2021/3/30, 44, 16
2021/3/31, 53, 15
2020/10/1, 101, 
2020/10/7, 125, 27
2020/10/8, 95, 26
2020/10/9, 81, 28
2020/10/10, 96, 29
2020/10/11, 99, 29
2020/10/12, 126, 27
2020/10/13, 130, 30
2020/10/14, 151, 29
2020/10/15, 158, 29
2020/10/16, 142, 30
2020/10/17, 135, 29
2020/10/18, 118, 29
2020/10/19, 113, 30
2020/10/20, 166, 29
2020/10/21, 149, 31
2020/10/22, 133, 29
2020/10/23, 115, 29
2020/10/24, 105, 29
2020/10/25, 107, 32
2020/10/26, 117, 31
2020/10/27, 147, 27
2020/10/28, 116, 29
2020/10/29, 120, 30
2020/10/30, 122, 31
2020/10/31, 154, 29
2020/11/1, 142, 31
2020/11/2, 154, 30
2020/11/3, 141, 29
2020/11/4, 141, 29
2020/11/5, 111, 29
2020/11/6, 117, 24
2020/11/7, 129, 25
2020/11/8, 107, 30
2020/11/9, 86, 30
2020/11/10, 142, 26
2020/11/11, 123, 25
2020/11/12, 57, 26
2020/11/13, 70, 27
2020/11/14, 80, 27
2020/11/15, 67, 27
2020/11/16, 57, 29
2020/11/17, 67, 30
2020/11/18, 152, 28
2020/11/19, 76, 26
2020/11/20, 49, 24
2020/11/21, 80, 29
2020/11/22, 76, 27
2020/11/23, 78, 24
2020/11/24, 39, 32
2020/11/25, 45, 26
2020/11/26, 56, 27
2020/11/27, 50, 30
2020/11/28, 34, 26
2020/11/29, 30, 28
2020/11/30, 37, 30
2020/12/1, 60, 31
2020/12/2, 70, 32
2020/12/3, 81, 28
2020/12/4, 59, 28
2020/12/5, 47, 25
2020/12/6, 18, 28
2020/12/7, 21, 
2020/12/13, 107, 16
2020/12/14, 129, 16
2020/12/15, 106, 16
2020/12/16, 130, 17
2020/12/17, 143, 16
2020/12/18, 168, 17
2020/12/19, 132, 19
2020/12/20, 154, 20
2020/12/21, 147, 21
2020/12/22, 149, 17
2020/12/23, 143, 18
2020/12/24, 148, 17
2020/12/25, 67, 20
2020/12/26, 67, 17
2020/12/27, 118, 20
2020/12/28, 156, 20
2020/12/29, 158, 19
2020/12/30, 166, 23
2020/12/31, 176, 22
2021/1/1, 168, 21
2021/1/2, 171, 21
2021/1/3, 170, 19
2020/7/1, 90, 41
2020/7/2, 104, 35
2020/7/3, 100, 25
2020/7/4, 110, 25
2020/7/5, 107, 23
2020/7/6, 88, 29
2020/7/7, 133, 31
2020/7/8, 117, 
2020/7/9, 95, 
2020/7/13, 160, 20
2020/7/14, 148, 20
2020/7/15, 130, 13
2020/7/16, 114, 16
2020/7/17, 97, 15
2020/7/18, 115, 34
2020/7/19, 115, 37
2020/7/20, 115, 26
2020/7/21, 92, 24
2020/7/22, 87, 23
2020/7/23, 107, 28
2020/7/24, 130, 30
2020/7/25, 190, 29
2020/7/26, 123, 16
2020/7/27, 97, 20
2020/7/28, 99, 22
2020/7/29, 83, 29
2020/7/30, 110, 31
2020/7/31, 119, 29
2020/8/1, 92, 27
2020/8/2, 91, 28
2020/8/3, 122, 26
2020/8/4, 108, 26
2020/8/5, 88, 25
2020/8/6, 100, 27
2020/8/7, 82, 26
2020/8/8, 85, 28
2020/8/9, 102, 25
2020/8/10, 96, 27
2020/8/11, 106, 27
2020/8/12, 110, 30
2020/8/13, 118, 24
2020/8/14, 118, 25
2020/8/15, 175, 28
2020/8/16, 163, 31
2020/8/17, 104, 20
2020/8/18, 108, 23
2020/8/20, 153, 28
2020/8/21, 250, 28
2020/8/22, 192, 30
2020/8/23, 214, 26
2020/8/24, 178, 26
2020/8/25, 163, 24
2020/9/2, 231, 25
2020/9/3, 166, 26
2020/9/4, 140, 27
2020/9/5, 146, 29
2020/9/6, 170, 29
2020/9/7, 168, 28
2020/9/8, 157, 26
2020/9/9, 165, 27
2020/9/10, 175, 27
2020/9/12, 158, 27
2020/9/13, 168, 27
2020/9/14, 172, 28
2020/9/15, 181, 26
2020/9/16, 158, 27
2020/9/17, 135, 26
2020/9/18, 111, 29
2020/9/19, 139, 26
2020/9/20, 139, 29
2020/9/21, 118, 28
2020/9/22, 134, 26
2020/9/23, 113, 28
2020/9/24, 117, 26
2020/9/25, 106, 29
2020/9/26, 145, 30
2020/9/27, 155, 26
2020/9/28, 116, 26
2020/9/29, 98, 26
2020/9/30, 78, 25
2020/4/1, 61, 20
2020/4/2, 66, 23
2020/4/3, 95, 26
2020/4/4, 85, 24
2020/4/5, 45, 27
2020/4/6, 49, 33
2020/4/7, 73, 25
2020/4/8, 72, 20
2020/4/9, 27, 24
2020/4/10, 41, 30
2020/4/11, 55, 28
2020/4/12, 89, 31
2020/4/13, 56, 34
2020/4/14, 67, 23
2020/4/15, 71, 31
2020/4/16, 75, 28
2020/4/17, 84, 26
2020/4/18, 63, 27
2020/4/19, 63, 29
2020/4/20, 89, 20
2020/4/21, 89, 27
2020/4/22, 94, 24
2020/4/23, 95, 26
2020/4/24, 64, 28
2020/4/25, 97, 23
2020/4/26, 97, 25
2020/4/27, 63, 17
2020/4/28, 65, 29
2020/4/29, 85, 28
2020/4/30, 76, 32
2020/5/1, 83, 33
2020/5/2, 87, 27
2020/5/3, 57, 21
2020/5/4, 62, 28
2020/5/5, 102, 27
2020/5/6, 159, 27
2020/5/7, 115, 17
2020/5/8, 70, 28
2020/5/9, 77, 24
2020/5/10, 84, 27
2020/5/11, 171, 28
2020/5/12, 127, 27
2020/5/13, 79, 27
2020/5/14, 108, 31
2020/5/15, 96, 24
2020/5/16, 113, 18
2020/5/17, 126, 28
2020/5/18, 117, 27
2020/5/19, 134, 24
2020/5/20, 76, 31
2020/5/21, 70, 30
2020/5/22, 86, 27
2020/5/23, 73, 21
2020/5/24, 85, 25
2020/5/25, 67, 34
2020/5/26, 73, 29
2020/5/27, 69, 19
2020/5/28, 59, 29
2020/5/29, 43, 30
2020/5/30, 55, 42
2020/5/31, 74, 39
2020/6/1, 110, 31
2020/6/2, 113, 21
2020/6/3, 105, 39
2020/6/4, 111, 39
2020/6/5, 108, 35
2020/6/6, 143, 26
2020/6/7, 110, 31
2020/6/8, 99, 31
2020/6/9, 75, 28
2020/6/10, 101, 23
2020/6/11, 74, 21
2020/6/12, 84, 31
2020/6/13, 116, 28
2020/6/14, 110, 34
2020/6/15, 109, 34
2020/6/16, 98, 21
2020/6/17, 110, 31
2020/6/18, 122, 18
2020/6/19, 115, 13
2020/6/20, 101, 30
2020/6/21, 131, 24
2020/6/22, 120, 31
2020/6/23, 100, 37
2020/6/24, 106, 28
2020/6/25, 69, 43
2020/6/26, 112, 34
2020/6/27, 99, 44
2020/6/28, 104, 33
2020/6/29, 78, 28
2020/6/30, 81, 27
2020/1/1, 146, 31
2020/1/2, 145, 31
2020/1/3, 131, 40
2020/1/4, 124, 30
2020/1/5, 86, 29
2020/1/6, 86, 36
2020/1/7, 140, 39
2020/1/8, 134, 30
2020/1/9, 111, 40
2020/1/10, 131, 43
2020/1/11, 145, 31
2020/1/12, 89, 34
2020/1/13, 102, 26
2020/1/14, 102, 32
2020/1/15, 131, 31
2020/1/16, 134, 28
2020/1/17, 116, 44
2020/1/18, 86, 32
2020/1/19, 105, 34
2020/1/20, 122, 34
2020/1/21, 114, 
2020/1/23, 73, 33
2020/1/24, 72, 31
2020/1/25, 60, 33
2020/2/2, 72, 
2020/2/5, 88, 28
2020/2/6, 105, 30
2020/2/7, 120, 31
2020/2/8, 100, 
2020/2/11, 62, 28
2020/2/12, 55, 27
2020/2/13, 67, 27
2020/2/14, 91, 27
2020/2/15, 53, 26
2020/2/16, 58, 29
2020/2/17, 72, 31
2020/2/18, 150, 30
2020/2/19, 100, 38
2020/2/20, 69, 24
2020/2/21, 107, 39
2020/2/22, 127, 28
2020/2/23, 134, 26
2020/2/24, 114, 25
2020/2/25, 113, 28
2020/2/26, 59, 40
2020/2/27, 79, 26
2020/2/28, 131, 33
2020/2/29, 153, 33
2020/3/1, 111, 20
2020/3/2, 55, 26
2020/3/3, 35, 26
2020/3/4, 97, 36
2020/3/5, 114, 25
2020/3/6, 136, 30
2020/3/7, 81, 25
2020/3/8, 53, 33
2020/3/9, 106, 26
2020/3/10, 88, 20
2020/3/11, 114, 25
2020/3/12, 154, 25
2020/3/13, 132, 30
2020/3/14, 74, 28
2020/3/15, 100, 24
2020/3/16, 102, 23
2020/3/17, 79, 19
2020/3/18, 74, 27
2020/3/19, 77, 26
2020/3/20, 70, 35
2020/3/21, 71, 27
2020/3/22, 64, 32
2020/3/23, 45, 61
2020/3/24, 69, 22
2020/3/25, 53, 20
2020/3/26, 45, 23
2020/3/27, 44, 22
2020/3/28, 50, 29
2020/3/29, 49, 26
2020/3/30, 66, 26
2020/3/31, 34, 32
2019/12/15, 168, 30
2019/12/16, 175, 28
2019/12/17, 165, 28
2019/12/18, 139, 37
2019/12/19, 150, 38
2019/12/20, 154, 35
2019/12/21, 149, 44
2019/12/22, 162, 
2019/12/24, 168, 38
2019/12/25, 168, 36
2019/12/26, 164, 34
2019/12/27, 159, 28
2019/12/28, 130, 41
2019/12/29, 96, 
2024/11/1, , 53
2024/10/5, , 39
2024/10/14, , 21
2024/7/1, , 29
2024/7/22, , 46
2024/9/3, , 35
2024/6/23, , 24
2024/1/5, , 35
2024/1/16, , 32
2024/2/1, , 26
2024/2/5, , 26
2024/2/9, , 27
2024/2/29, , 17
2024/3/11, , 16
2023/10/30, , 15
2023/12/15, , 28
2023/8/29, , 30
2023/9/17, , 37
2023/9/29, , 37
2023/6/10, , 26
2023/6/16, , 15
2023/1/9, , 31
2023/1/28, , 31
2023/2/21, , 23
2022/12/14, , 10
2022/12/29, , 37
2022/7/20, , 9
2022/8/30, , 27
2022/6/19, , 34
2022/1/29, , 8
2021/6/8, , 16
2021/3/6, , 15
2020/10/6, , 26
2020/12/12, , 9
2020/7/11, , 5
2020/7/12, , 17
2020/8/19, , 25
2020/8/26, , 25
2020/8/27, , 26
2020/8/28, , 28
2020/8/29, , 29
2020/8/30, , 26
2020/8/31, , 26
2020/9/1, , 27
2020/9/11, , 27
2019/12/31, , 35
2020/1/22, , 22
2020/1/26, , 34
2020/1/27, , 31
2020/1/28, , 27
2020/1/29, , 27
2020/1/30, , 24
2020/1/31, , 34
2020/2/1, , 23
2020/2/4, , 28
2020/2/10, , 36
2019/12/14, , 30
2019/12/23, , 28